Transaction ID,Block Number,Timestamp,From Account,To Account,Amount,Currency,Amount Value,Memo
3835898396,0,2025-01-03T16:55:12.000Z,valueplan,obaro,300.000 HBD,HBD,300.000,"Vibes | global | Live Vibes contest January, logistics and rewards "
3838256365,0,2025-01-06T19:30:21.000Z,valueplan,jonsnow1983,80.000 HBD,HBD,80.000,Distriator | brochure creation for LATAM/Spain market | 4 hours 
3838257508,0,2025-01-06T19:31:54.000Z,valueplan,krolestwo,2000.000 HBD,HBD,2000.000,"Krolestwo | Poland | base operating expenses for project | rental, materials, adertising and marketing costs"
3838363788,0,2025-01-06T22:28:30.000Z,valueplan,wooconventions,963.050 HBD,HBD,963.050,MN Interviews | USA | transportation and logistics | promotional activity 
3839045969,0,2025-01-07T19:40:48.000Z,valueplan,ssekulji,8309.237 HIVE,HIVE,8309.237,Rally car | Monaco | tire order for this race and subsequent races | 16 unit order | plus additional expenses outstanding | 5000 HBD
3839187547,0,2025-01-07T23:29:00.000Z,valueplan,mcsamm,8961.000 HBD,HBD,8961.000,"CWP | Ghana | Gumani, Tamale | materials, supplies, labor, vendor costs for installation of a borehole/well | no contingency included"
3839193136,0,2025-01-07T23:39:24.000Z,valueplan,edmundochauran,360.000 HBD,HBD,360.000,Hive B2B | Venezuela | logistics for remaining meetings and workshop sessions | January
3839228511,0,2025-01-08T00:40:09.000Z,valueplan,hivecreators,380.000 HBD,HBD,380.000,Hive Ghana | Ghana | Blockchain/Web3 Bootcamp | designs for the event | 19 hours
3839388050,0,2025-01-08T05:59:27.000Z,valueplan,ssekulji,8460.237 HIVE,HIVE,8460.237,Rally car | Monaco | tire order for this race and subsequent races | 16 unit order | plus additional expenses outstanding | 5000 HBD
3841382234,0,2025-01-10T16:55:21.000Z,valueplan,ssekulji,4303.690 HIVE,HIVE,4303.690,Rally car | Monaco | remainder of tire costs (pre-purchase for next race as well in part) and part of WRC+ costs | 2000 HBD
3844689049,0,2025-01-14T20:50:48.000Z,valueplan,ssekulji,7614.650 HIVE,HIVE,7614.650,Rally Car | Monaco | remaining outstanding costs | 3656 Euro | 3767 HBD plus 2% 3842.34 rounded to 3845 HBD | outstanding parts not included 
3846486939,0,2025-01-17T04:18:24.000Z,valueplan,edmundochauran,850.000 HBD,HBD,850.000,Hive B2B | Venezuela | printing costs for product packaging displaying Hive QR code and logo |  promotional costs
3850322582,0,2025-01-22T03:46:39.000Z,valueplan,victorwallet,1000.000 HBD,HBD,1000.000,Hive bike racing | Venezuela | pre-season preparation including repairs and parts that have to be replaced plus outstanding maintenance costs from 2024 end year 
3850329072,0,2025-01-22T04:00:18.000Z,alpha,valueplan,2000.000 HBD,HBD,2000.000,loan
3850341261,0,2025-01-22T04:28:30.000Z,valueplan,edmundochauran,1350.000 HBD,HBD,1350.000,"Hive B2B | Venezuela | onboarding of two businesses, one with multiple locations | workshops for businesses on Hive and on Distriator use | 15 days schedule | logistics and general costs | no contingency "
3850341882,0,2025-01-22T04:30:15.000Z,valueplan,hivecreators,600.000 HBD,HBD,600.000,Hive Creators | design hours for social elements and misc designs for all accounts | 30 hours
3850342767,0,2025-01-22T04:32:21.000Z,valueplan,hivedocu,4000.000 HBD,HBD,4000.000,Young Art Festival | Poland | sponsorship downpayment | partial cost
3852383322,0,2025-01-24T19:02:42.000Z,blocktrades,valueplan,13000.000 HBD,HBD,13000.000,loan
3852705894,0,2025-01-25T04:43:24.000Z,valueplan,hivetalkproject,450.000 HBD,HBD,450.000,Chamber of Commerce B2B | Venezuela | ongoing b2b workshop project with chamber and UCLA | minor logistics
3852706814,0,2025-01-25T04:45:27.000Z,valueplan,danielvehe,1560.000 HBD,HBD,1560.000,Hive Goes to School | Venezuela | program costs for 3 months | logistics and transportation | 150 HBD for Distriator included
3852707187,0,2025-01-25T04:46:48.000Z,valueplan,lordbutterfly,5000.000 HBD,HBD,5000.000,Vibes | contest rewards for the month | promotional project
3852709008,0,2025-01-25T04:51:09.000Z,valueplan,swc-oficial,1400.000 HBD,HBD,1400.000,"SWC | Venezuela | 1st Versus por Aleatoriedad | event at Hive venue | logistics, items for the event, select Hive merch | promotional community event "
3855486161,0,2025-01-28T19:18:57.000Z,valueplan,stefy.music,200.000 HBD,HBD,200.000,B2B | Spain | Distriator | materials printing including conversion costs | minor logistics included
3855794112,0,2025-01-29T04:45:00.000Z,valueplan,crimsonclad,2142.000 HBD,HBD,2142.000,Social media | global | Hive account costs for X/Twitter | 2% conversion added | payment processed by @guiltyparties 
3857266937,0,2025-01-31T03:32:18.000Z,valueplan,qmwallet,420.000 HBD,HBD,420.000,CWP LATAM | Venezuela | minor logistics between installation phases
3857741726,0,2025-01-31T18:11:18.000Z,valueplan,blackheart1,1000.000 HBD,HBD,1000.000,Sinusoid | India | Hackathon | prizes | final outstanding amount
3857795001,0,2025-01-31T19:45:12.000Z,blackheart1,valueplan,250.000 HBD,HBD,250.000,To be given later
3860331318,0,2025-02-03T23:15:09.000Z,valueplan,spiritsurge,1000.000 HBD,HBD,1000.000,Misc work | global | VP analytics site | partial payment | accounting statement in next tx
3861816782,0,2025-02-05T21:41:06.000Z,valueplan,aksurevm89,597.000 HBD,HBD,597.000,Hive Sucre | Venezuela | logistics and transportation for incorporating a list of businesses into Hive | 5% conversion included | February deliverables
3863349898,0,2025-02-07T21:46:12.000Z,valueplan,hivecreators,300.000 HBD,HBD,300.000,Hive Creators | global | Q1 2025 designs for a variety of social media and digital presence elements | this is a partial tx for 15 hours | 5 additional hours tx outstanding | digital media
3866223369,0,2025-02-11T17:48:21.000Z,valueplan,hiverun,1237.000 HBD,HBD,1237.000,"Hive Run | CAF Marathon | Hive general participation | missing pieces of Hive merch included | registration, general participation costs, logistics and transportation"
3866259592,0,2025-02-11T18:44:09.000Z,valueplan,crimsonclad,5000.000 HBD,HBD,5000.000,Web3 Amsterdam | sponsorship costs
3866264176,0,2025-02-11T18:52:27.000Z,valueplan,hivecreators,100.000 HBD,HBD,100.000,Hive Creators | global | remainder of outstanding costs as per tx/4ea5b8d70b076b91dbf1830874250cac0f9c24ce | digital media
3866265102,0,2025-02-11T18:54:12.000Z,valueplan,hivecreators,242.000 HBD,HBD,242.000,Multiple projects | global | SaaS license costs for Q4 and X Premium for the ES account
3866268490,0,2025-02-11T18:59:51.000Z,valueplan,hivecreators,140.000 HBD,HBD,140.000,"MenulisID | Indonesia | tech event | graphic design and promotional elements for the event, adjustment of stand design, social media design, verticle banners | 7 hours | hours are already adjusted to take into account the funds received from event post | promotional elements"
3866293133,0,2025-02-11T19:42:21.000Z,valueplan,edmundochauran,2698.500 HBD,HBD,2698.500,Hive B2B | Venezuela | Hive merch order for the onboarded business locations | 160 pieces of merch plus brochures | logistics included | 5% conversion | Distriator and Keychain use promotion and B2B integration
3866320004,0,2025-02-11T20:32:33.000Z,valueplan,hivecreators,60.000 HBD,HBD,60.000,First Lego League | Netherlands | Hive merch design for minor activity | 3 hours
3867294529,0,2025-02-13T01:13:45.000Z,valueplan,spiritsurge,6280.000 HBD,HBD,6280.000,Misc work | global | VP analytics site | partial payment as 1000 paid previous tx | total is 100 dev and 82 designer hours | 7280 total minus 1000 paid | no conversion
3867880972,0,2025-02-13T20:24:51.000Z,valueplan,jonsnow1983,150.000 HBD,HBD,150.000,"Hive workshop | Venezuela | very minor Hive workshop for local community | logistics, venue requirement costs, refreshments"
3868087821,0,2025-02-14T03:02:03.000Z,valueplan,blackheart1,5000.000 HBD,HBD,5000.000,FinFarm | multi-month partnership | partial cost | February
3868089263,0,2025-02-14T03:05:45.000Z,valueplan,gabriellamena,5100.000 HBD,HBD,5100.000,Modular Carnival | Brazil | sponsorship | 2% conversion cost added
3868193956,0,2025-02-14T06:59:00.000Z,valueplan,aksurevm89,3370.500 HBD,HBD,3370.500,Hive Sucre | Venezuela | B2B | Hive merch order to replace worn out items for long-term Hive merchants | this is a pure merch order | 240 pieces | 5% conversion included
3871068353,0,2025-02-18T00:33:45.000Z,valueplan,arlettemsalase,7974.750 HBD,HBD,7974.750,"Modular Carnival | Brazil | conference costs minus sponsorship | costs for 4 people |  transportation, logistics, hotel, insurance, misc minor costs, minor pieces of Hive merch"
3871889100,0,2025-02-19T02:27:57.000Z,hivecreators,valueplan,200.000 HBD,HBD,200.000,Return https://hivehub.dev/tx/18350b5a04e602344bdb5c1bc7be8e7558ec2779
3871908177,0,2025-02-19T03:10:24.000Z,valueplan,victorwallet,200.000 HBD,HBD,200.000,Hive bike racing | Costa Rica | minor sponsorship admin fees
3873194919,0,2025-02-20T19:33:18.000Z,valueplan,blackheart1,2100.000 HBD,HBD,2100.000,TRYST | India | major event and hackathon | sponsorship costs
3873199994,0,2025-02-20T19:41:18.000Z,valueplan,blackheart1,18900.000 HBD,HBD,18900.000,TRYST | India | major event and hackathon | sponsorship costs | previous transaction missing a zero | full cost is 21000 HBD
3873436300,0,2025-02-21T02:50:30.000Z,valueplan,victorwallet,1272.000 HBD,HBD,1272.000,"Hive Bike racing | Venezuela | CC Olympic XCO Allmountain Nirgua Bike Park | maintenance, logistics and transportation, minor Hive merch order included | promotional event"
3873439038,0,2025-02-21T02:54:54.000Z,valueplan,swc-oficial,230.000 HBD,HBD,230.000,SWC | Venezuela | Falcon preparation logistics | minor transport and logistics costs
3874151205,0,2025-02-22T01:01:42.000Z,valueplan,hivecreators,5100.000 HBD,HBD,5100.000,"Digital Marketing | LATAM | month 1 | multitude of graphical, digital, video elements, ads, and various other promotional components directed at the entire LATAM market | promotional initiative "
3874854918,0,2025-02-22T23:58:51.000Z,valueplan,swc-oficial,9355.000 HBD,HBD,9355.000,"SWC | Venezuela | 1st Versus by Category 2025 | Falcon state activity including B2B component | Hive merch, transportation, event day logistics, insurance (refund possible)"
3874860729,0,2025-02-23T00:08:15.000Z,valueplan,krolestwo,4000.000 HBD,HBD,4000.000,"Krolestwo | Poland | base operating expenses for project | rental, materials, adertising and marketing costs | 2 months "
3876236357,0,2025-02-24T19:31:21.000Z,valueplan,qmwallet,4661.950 HBD,HBD,4661.950,"CWP LATAM | Venezuela | completion costs for project | transport for materials and installers, various parts including joints of different sizes | Hive merch order including caps, shirts and standing banners and brochures | 300 HBD contingency included to be returned if unused | 5% conversion "
3876960564,0,2025-02-25T17:43:45.000Z,valueplan,hivetalkproject,2970.710 HBD,HBD,2970.710,"Chamber of Commerce B2B | Venezuela | Feb-March | Hive merch order, minor event organizational costs including rental and consumables, logistics, transportation | 250 HBD prize giveaway amount for Distriator | 5% conversion included"
3877009966,0,2025-02-25T19:10:09.000Z,valueplan,mcsamm,8961.000 HBD,HBD,8961.000,"CWP | Ghana | Bampenase | materials, supplies, labor, vendor costs for installation of a borehole/well | no contingency included"
3881032255,0,2025-03-03T03:53:00.000Z,valueplan,edmundochauran,3383.630 HBD,HBD,3383.630,Hive B2B | Venezuela | large order of Hive merch | shirts and hats | merch to be worn by Econoquesos staff to promote HBD payments | 5% conversion included
3881034414,0,2025-03-03T03:58:15.000Z,valueplan,buzzparty,4056.040 HBD,HBD,4056.040,"BuzzParty | Austria | Hive merch order of various Hive items including mugs, notebooks, bags, umbrellas, stickers and mousepads | items to be used throughout mupltiple events including BuzzParty | conversion not included in this tx"
3881049185,0,2025-03-03T04:33:12.000Z,valueplan,blackheart1,2125.000 HBD,HBD,2125.000,"Tryst | India | Hive merch order | over 2000 pieces of Hive merch including folders, pens, caps, stickers, notebooks, and bottles | conference merch pre-order | no conversion at this time"
3882019016,0,2025-03-04T12:34:57.000Z,arlettemsalase,valueplan,330.750 HBD,HBD,330.750,"Expenses of @xvlad that he used because he did not attend due to illness | Modular Carnival | Belo Horizonte, Brazil"
3882019723,0,2025-03-04T12:36:24.000Z,arlettemsalase,valueplan,100.000 HBD,HBD,100.000,"Extra money planned for @xvlad who was unable to attend due to illness | Modular Carnival | Belo Horizonte, Brazil"
3882021017,0,2025-03-04T12:38:24.000Z,arlettemsalase,valueplan,180.000 HBD,HBD,180.000,"Return of funds from @ jthomasewsky at the end of his trip on 2/3/2025 | Modular Carnival | Belo Horizonte, Brazil"
3882490627,0,2025-03-05T03:03:18.000Z,valueplan,aksurevm89,1344.000 HBD,HBD,1344.000,"Women Builders on the Web3 UDO Conference | Venezuela | special tech event for March 8th International Women's Day | Hive merch of tshirts, pens, caps, stickers and brochures | transportation and logistics included | 5% conversion "
3882499263,0,2025-03-05T03:17:33.000Z,valueplan,victorwallet,1596.000 HBD,HBD,1596.000,Hive bike racing | Venezuela | 4th Ed Caora Desert 2025 | cost of several broken components plus logistics and transportation | no conversion included
3884536635,0,2025-03-08T00:58:06.000Z,valueplan,hivecreators,380.000 HBD,HBD,380.000,Modular Crypto | Brazil | design of two presentations and related elements | 19 hours
3885068653,0,2025-03-08T19:15:30.000Z,valueplan,swc-oficial,900.000 HBD,HBD,900.000,SWC | Venezuela | 1st Versus by Category 2025 | Falcon state activity including B2B component | additional transport and logistics cost due to a higher number of participants 
3886457442,0,2025-03-10T16:27:12.000Z,valueplan,spiritsurge,3600.000 HBD,HBD,3600.000,Misc work | global | VP analytics site | optimization and expansion of current site to also include onboarding data | 50 frontend and 40 backend hours | no conversion
3887315652,0,2025-03-11T19:12:00.000Z,valueplan,talentlandfund,25922.000 HBD,HBD,25922.000,"Talent Land | Mexico | sponsorship 15k + changeover costs | logistics, accommodations, prizes, conference expenses included | this is an incomplete budget as booth and portion of logistics are not yet known | contingency for non sponsorship portion included"
3887398654,0,2025-03-11T21:28:09.000Z,valueplan,buzzparty,1000.000 HBD,HBD,1000.000,BuzzParty | Austria | contingency/conversion amount | refund possible for unused portion once total known
3887400299,0,2025-03-11T21:31:33.000Z,valueplan,talentlandfund,2400.000 HBD,HBD,2400.000,"Talent Land | Mexico | sponsorship | VAT costs, missed previous transaction "
3887819001,0,2025-03-12T12:29:18.000Z,buzzparty,valueplan,120.000 HBD,HBD,120.000,excess is going back to you - thank you for the support!
3888329833,0,2025-03-13T03:41:42.000Z,valueplan,hiverun,150.000 HBD,HBD,150.000,Hive Run | Venezuela | minor order of Hive merchandise 
3889071105,0,2025-03-14T03:48:30.000Z,valueplan,talentlandfund,2573.542 HBD,HBD,2573.542,Talent Land | Mexico | Hive merch and some logistics
3895389864,0,2025-03-22T22:26:15.000Z,valueplan,victorwallet,180.000 HBD,HBD,180.000,"SWC | Venezuela | Versus by Category 1st Edition | full set of event designs for this event and for reuse, multiple items | 9 hours"
3895398434,0,2025-03-22T22:44:15.000Z,valueplan,sb2b,1869.000 HBD,HBD,1869.000,Hive B2B | Venezuela | Large order of merch consisting of shirts and hats (130 items total) | minor logistics included | 5% conversion included
3895399496,0,2025-03-22T22:47:03.000Z,valueplan,lordbutterfly,300.000 HBD,HBD,300.000,Misc | social media pilot project with 3 x dapps | project costs
3896647088,0,2025-03-24T18:30:36.000Z,valueplan,jonsnow1983,150.000 HBD,HBD,150.000,"Hive B2B | Venezuela | logistics for 5 days of work, transportation not included at this time"
3896758251,0,2025-03-24T21:54:00.000Z,valueplan,inhive,1775.000 HBD,HBD,1775.000,Tryst | India | first round of hackathon prizes | distribution is done in three rounds to support improvement and retention 
3896758686,0,2025-03-24T21:55:06.000Z,valueplan,blackheart1,500.000 HBD,HBD,500.000,FinFarm | multi-month partnership | partial cost completion | February
3897312752,0,2025-03-25T16:39:33.000Z,valueplan,swc-oficial,5500.000 HBD,HBD,5500.000,"SWC | Venezuela | Freestyle Day 2025 | Hive merch, logistics, transport, insurance | event in high-profile location by B2B invite "
3897314279,0,2025-03-25T16:42:27.000Z,valueplan,victorwallet,1455.000 HBD,HBD,1455.000,"Hive Bike Racing | Venezuela | 4 day event | 2nd Regional Valida XCO | Hive merch shirts (may be purchased later due to design negotiations with partner brand), small parts, transport and logistcs "
3898018395,0,2025-03-26T16:27:30.000Z,valueplan,starkerz,1924.000 HBD,HBD,1924.000,"Plab B Forum | El Salvador | travel and accommodations, minor logistics"
3898019785,0,2025-03-26T16:30:00.000Z,valueplan,mcsamm,9181.000 HBD,HBD,9181.000,"CWP | Ghana | installation of final 20th well | materials, labor, drilling, equipment and everything that goes into the creation of the well | no other expenses included"
3898023649,0,2025-03-26T16:38:24.000Z,valueplan,finfarm,5500.000 HBD,HBD,5500.000,FinFarm | India | multi-month partnership | March costs | note: this is a service provider/vendor
3898331417,0,2025-03-27T02:54:21.000Z,valueplan,arlettemsalase,200.000 HBD,HBD,200.000,Cumbres de Comunidades | Mexico | online tech event | funds are for event giveaway
3898756220,0,2025-03-27T18:30:00.000Z,valueplan,crimsonclad,1720.000 HBD,HBD,1720.000,"Web3 Amsterdam | Netherlands | transportation, accommodations, and logistics | major conference"
3899509338,0,2025-03-28T19:03:18.000Z,valueplan,victorwallet,200.000 HBD,HBD,200.000,Hive bike racing | Venezuela | funds missed from the previous budget for congingency 
3899511498,0,2025-03-28T19:06:48.000Z,valueplan,victorwallet,160.000 HBD,HBD,160.000,"SWC | Venezuela | 1° Versus por Aleatoriedad 2025 | design hours from previous event | transfer was missed previously | 8 hours | merch, print and digital elements, general modification to printed material and recreation where needed"
3900176834,0,2025-03-29T18:32:39.000Z,valueplan,upb2b,1197.000 HBD,HBD,1197.000,"Hive B2B | Venezuela | 4 x workshops for business owners in the Sucre chamber of commerce | logistics, minor refreshments, Hive merch to raffle off during events | 5% conversion included"
3902686108,0,2025-04-02T03:33:00.000Z,arlettemsalase,valueplan,40.000 HBD,HBD,40.000,Refund of unused prizes at Cumbres de Comunidades 2025
3903371690,0,2025-04-03T01:42:51.000Z,valueplan,buzzparty,7183.290 HBD,HBD,7183.290,Buzzparty | Austria | event costs | multi-day event costs with logistics included
3903378223,0,2025-04-03T01:58:27.000Z,valueplan,latamwallet,7410.000 HBD,HBD,7410.000,"Medellin Blockchain Week | Colombia | minor sponsorship, costs of two large-scale workshops/tech events, food for participants, logistics, transportation, some funds for loading giveaway cards, some Hive merch | promotional events"
3904519588,0,2025-04-04T17:12:48.000Z,valueplan,victorwallet,556.000 HBD,HBD,556.000,Hive Bike Racing | Venezuela | outstading parts costs from earlier in the year | costs of components that add up
3904593295,0,2025-04-04T19:41:54.000Z,valueplan,fermionico,667.000 HBD,HBD,667.000,"Merge Buenos Aires | Argentina | conference ticket, extra costs for partner events, accommodations and logistics  | 3 days of event activities "
3908658022,0,2025-04-10T17:12:03.000Z,valueplan,hivecreators,160.000 HBD,HBD,160.000,Women Builders on the Web3 UDO Conference | Venezuela | presentation and Hive merch design | 8 hours
3908658999,0,2025-04-10T17:13:48.000Z,valueplan,hivecreators,200.000 HBD,HBD,200.000,Medellin Blockchain Week | Colombia | graphic design and promotional elements for the event | 10 hours
3908662106,0,2025-04-10T17:21:00.000Z,valueplan,spiritsurge,3600.000 HBD,HBD,3600.000,"Misc work | Global | VP analytics site | onboarding metrics, vested distributions, other metrics, new plug-in proposal schema, other backend work, frontend portions of same |  90 hours"
3908663863,0,2025-04-10T17:25:00.000Z,valueplan,lordbutterfly,5000.000 HBD,HBD,5000.000,Vibes | contest rewards for the month | promotional project
3909447451,0,2025-04-11T20:32:06.000Z,valueplan,qmwallet,4925.960 HBD,HBD,4925.960,"CWP LATAM | order of mateirals with cost of material plus tax | logistics for volunteer workers, transport, cost of engineer included |  this is phase 1 of completing the project to fix the water tank"
3909601707,0,2025-04-12T01:48:00.000Z,valueplan,swc-oficial,6700.000 HBD,HBD,6700.000,"SWC | Venezuela | Puerto Cabello | Only Statics First Edition 2025 |  Hive merch, consumables for event, transport, logistics, and general event costs as outlined | promotional event "
3909607443,0,2025-04-12T02:00:27.000Z,valueplan,king13wallet,5800.000 HBD,HBD,5800.000,"K13 Racing | Venezuela | 1Era Valida Campeonato Nacional 2025 | 30 March | refund for costs | parts, transport, logistics "
3910961110,0,2025-04-14T02:18:57.000Z,valueplan,sb2b,1960.000 HBD,HBD,1960.000,Hive B2B | Venezuela | Hive merchandise order for vendor use (Hive branded uniforms) and minor logistical costs
3911554248,0,2025-04-14T21:43:39.000Z,valueplan,ssekulji,25909.469 HIVE,HIVE,25909.469,Rally car | Italy | entry fee for WRC rally | 5788.02 HBD in HIVE | 5100 Euro or 5788.02 USD | 2% conversion included
3914465995,0,2025-04-19T03:02:30.000Z,valueplan,victorwallet,602.000 HBD,HBD,602.000,Hive bike racing | Colombia | transport costs with 2% conversion | partial costs | full statement in subsequent tx
3915805586,0,2025-04-21T03:59:21.000Z,valueplan,eddiespino,360.000 HBD,HBD,360.000,Talent Land | Mexico | logistics | 12 days
3915806614,0,2025-04-21T04:01:57.000Z,valueplan,alex-rourke,180.000 HBD,HBD,180.000,Talent Land | Mexico | logistics | 6 days
3915808385,0,2025-04-21T04:05:36.000Z,valueplan,konchix,180.000 HBD,HBD,180.000,Talent Land | Mexico | logistics | 6 days
3915808914,0,2025-04-21T04:06:36.000Z,valueplan,gr33nm4ster,180.000 HBD,HBD,180.000,Talent Land | Mexico | logistics | 6 days
3915817040,0,2025-04-21T04:19:45.000Z,valueplan,starkerz,270.000 HBD,HBD,270.000,Talent Land | Mexico | logistics | 9 days
3916541282,0,2025-04-22T05:12:09.000Z,valueplan,manuphotos,300.000 HBD,HBD,300.000,Talent Land | Mexico | logistics | 10 days
3916542493,0,2025-04-22T05:14:57.000Z,valueplan,jthomasewsky,210.000 HBD,HBD,210.000,Talent Land | Mexico | logistics | 7 days
3916546850,0,2025-04-22T05:26:51.000Z,valueplan,lb2b,635.000 HBD,HBD,635.000,Hive bike racing | Colombia | transport costs with 2% conversion | partial costs 
3916547490,0,2025-04-22T05:28:21.000Z,valueplan,lb2b,210.000 HBD,HBD,210.000,Hive B2B | Venezuela | logistics for 7 days of work
3921108183,0,2025-04-28T20:25:12.000Z,valueplan,ssekulji,19166.635 HIVE,HIVE,19166.635,Rally car | Italy | partial cost for a portion or missing registration funds | parts and repairs in preparation for the event | 5000 HBD or 19166.635 HIVE | details in final tx
3921947258,0,2025-04-30T00:47:51.000Z,valueplan,buzzparty,5124.120 HBD,HBD,5124.120,Buzzparty | Austria | event costs | multi-day event costs with logistics included
3922653140,0,2025-05-01T00:11:36.000Z,talentlandfund,valueplan,3479.070 HBD,HBD,3479.070,Unspent Talent Land Budget Due to Savings During Event Execution
3922665137,0,2025-05-01T00:35:33.000Z,valueplan,ssekulji,11543.656 HIVE,HIVE,11543.656,Rally car | Italy | partial cost for a portion or missing registration funds | parts and repairs in preparation for the event | 3000 HBD or 11543.656 HIVE | details in final tx
3924139839,0,2025-05-03T02:04:45.000Z,valueplan,manuphotos,29.000 HBD,HBD,29.000,Talent Land | Mexico | transportation 
3924141260,0,2025-05-03T02:08:18.000Z,valueplan,vaultec,599.000 HBD,HBD,599.000,Talent Land | Mexico | transportation plus logistics | 6 days
3924612974,0,2025-05-03T18:34:24.000Z,valueplan,ssekulji,19230.769 HIVE,HIVE,19230.769,Rally car | Italy | partial cost for a portion of funds | parts and repairs in preparation for the event | 5000 HBD or 19230.769 HIVE | details in final tx
3924825225,0,2025-05-04T01:54:15.000Z,valueplan,mashallah-corp,213.000 HBD,HBD,213.000,SWC | Venezuela | refund for event food catering order for 15 persons over 2 days
3924825917,0,2025-05-04T01:56:00.000Z,valueplan,swc-oficial,450.000 HBD,HBD,450.000,SWC | Venezuela | Puerto Cabello | Only Statics First Edition 2025 | additional event costs related to Hive merchandise and supplies | promotional event
3924826755,0,2025-05-04T01:58:15.000Z,valueplan,victorwallet,80.000 HBD,HBD,80.000,SWC | Venezuela | Freestyle Day 2025 | graphic designs for various event-specific pieces of merchandise and general elements | 4 hours
3924827790,0,2025-05-04T02:00:48.000Z,valueplan,victorwallet,220.000 HBD,HBD,220.000,"SWC | Venezuela | Puerto Cabello | Only Statics First Edition 2025 | Hive merchandise event-specific designs for shirts, folders, new elements, flyers, and everything else associated with the event | 11 hours"
3924831205,0,2025-05-04T02:08:42.000Z,valueplan,danielvehe,1410.000 HBD,HBD,1410.000,Hive Goes to School | Venezuela | program costs for 3 months | logistics and transportation
3924832604,0,2025-05-04T02:12:27.000Z,valueplan,krolestwo,6000.000 HBD,HBD,6000.000,"Krolestwo | Poland | base operating expenses for project | rental, materials, adertising and marketing costs | Q2 - 3 months | April (refund), May, June"
3925229677,0,2025-05-04T15:50:24.000Z,valueplan,web3global,7390.000 HBD,HBD,7390.000,Web3 Amsterdam | Netherlands | conference costs | promotional event
3925506798,0,2025-05-05T01:29:00.000Z,valueplan,sb2b,654.000 HBD,HBD,654.000,B2B | Venezuela | transportation and logistics | activities include setting up for a special competition with IMATUR 
3926834275,0,2025-05-06T20:01:00.000Z,valueplan,upb2b,1260.000 HBD,HBD,1260.000,"Hive B2B | Venezuela | vendor retention | workshops with all existing vendors in specific area  to update integration scope, check on merch, SWOT, and general feedback | 15 days logistics and transportation | 5% conversion included"
3926862098,0,2025-05-06T20:54:36.000Z,valueplan,lb2b,210.000 HBD,HBD,210.000,Hive B2B | Colombia | 7 days of general activity | logistics 
3926898785,0,2025-05-06T22:08:06.000Z,valueplan,ssekulji,20832.465 HIVE,HIVE,20832.465,"Rally car | Italy | partial cost for a portion of funds | parts and repairs in preparation for the event | 5000 HBD or 20832.465 HIVE | gearbox rebuild, discs, gears - these are from 2024; clutch fix, fog light and bezel, bumper, bodywork, wrapping, radiator, other parts, tires - parts damaged last race and in preparation | these are parts from appox 12 months of wear and tear where we ran irrespective of damage"
3928062551,0,2025-05-08T15:00:42.000Z,valueplan,youngartfair,4000.000 HBD,HBD,4000.000,Young Art Festival | Poland | sponsorship | partial cost
3928063715,0,2025-05-08T15:02:39.000Z,valueplan,mynewlife,250.000 HBD,HBD,250.000,CWP | Global | Water Direct Film editing work | promotional element
3928064937,0,2025-05-08T15:04:57.000Z,valueplan,mynewlife,200.000 HBD,HBD,200.000,CWP | Poland | Krolestwo | Water Direct | logistics for small special activity 
3928073346,0,2025-05-08T15:20:24.000Z,valueplan,hivecreators,460.000 HBD,HBD,460.000,"Talent Land | Mexico | Graphic design and promotional elements for the event, stand, design for social media, slides | 23  hours"
3928081289,0,2025-05-08T15:32:57.000Z,valueplan,hivecreators,6800.000 HBD,HBD,6800.000,"Digital Marketing | LATAM | month 2 | multitude of graphical, digital, video elements, ads, and various other promotional components directed at the entire LATAM market | promotional initiative"
3929074458,0,2025-05-10T01:08:00.000Z,talentlandfund,valueplan,137.000 HBD,HBD,137.000,Funds Returned from event savings
3930907673,0,2025-05-12T17:43:15.000Z,valueplan,swc-oficial,1900.000 HBD,HBD,1900.000,"SWC | Venezuela | Caracas | 8vo Aniversario de Símbolos Extremos | in-partnership event |  logistics, Hive merch,  transport, refreshments, event-specific items |  this is a co-sponsored event that has a low cost due to having a main organizer"
3930924790,0,2025-05-12T18:16:00.000Z,valueplan,gh-borehole,9181.000 HBD,HBD,9181.000,"CWP | Ghana | completion of projected well installations for the year | everything that goes into one well including drilling, transport, materials, pump, tank, plumbing, concrete and so on |  Agona, Ashanti Region"
3931138202,0,2025-05-13T01:21:54.000Z,valueplan,lb2b,7375.000 HBD,HBD,7375.000,"Hive B2B and Hive Bike Racing | Colombia | B2B adoption during unique sporting event | partner event | transport, bike parts, logistics, Hive merch, accommodations,  and event-specific expenses | contingency of 200 HBD to be divided into two portions with 100 HBD in local currency"
3931905130,0,2025-05-14T02:39:18.000Z,valueplan,ssekulji,15900.000 HIVE,HIVE,15900.000,"Rally Car | Italy | transport, logistics, accommodations, event expenses for rally | partial costs | 15900 HIVE or 4300 HBD"
3931906289,0,2025-05-14T02:42:09.000Z,valueplan,spiritsurge,4200.000 HBD,HBD,4200.000,"Misc work | Global | VP analytics site | additional onboarding, tx checks, accounts created, and various other metrics added | 70 hours"
3931911903,0,2025-05-14T02:55:36.000Z,valueplan,finfarm,11000.000 HBD,HBD,11000.000,FinFarm | India | multi-month partnership | April/May costs | note: this is a service provider/vendor
3932625998,0,2025-05-15T01:31:48.000Z,valueplan,gengua,350.000 HBD,HBD,350.000,"Incrypted Conference | Ukraine | ticket, merch costs, logistics | no contingency at this time as other expenses are possible | event attendance"
3932626932,0,2025-05-15T01:33:57.000Z,valueplan,ecoinstant,555.000 HBD,HBD,555.000,Talent Land | Mexico | transportation and logistics | 8 days
3932627254,0,2025-05-15T01:34:45.000Z,valueplan,ecoinstante,240.000 HBD,HBD,240.000,Talent Land | Mexico | logistics | 8 days
3932634273,0,2025-05-15T01:50:21.000Z,valueplan,hivetalkproject,2970.710 HBD,HBD,2970.710,"Chamber of Commerce B2B | Venezuela | Feb-March | Hive merch order, minor event organizational costs including rental and consumables, logistics, transportation "
3932676074,0,2025-05-15T03:23:03.000Z,valueplan,qmwallet,3580.500 HBD,HBD,3580.500,"CWP LATAM | Venezuela | completion of project, final phase | cement watertank completion | materials including sealing compounds (specialty potable water sealing), cement, paint, sand, speacialty tools for management and installation, minor logistics and transport | 5% conversion included"
3933098608,0,2025-05-15T17:18:12.000Z,valueplan,ssekulji,21398.432 HIVE,HIVE,21398.432,"Rally Car | Italy | transport, logistics, accommodations, event expenses for rally | partial costs | 21398.432 HIVE or 5778 HBD"
3934050142,0,2025-05-16T22:26:03.000Z,buzzparty,valueplan,2701.570 HBD,HBD,2701.570,Remaining funds of the Hive Creator Days in Graz - Thank you for your support & trust!
3934174244,0,2025-05-17T02:13:30.000Z,valueplan,stefy.music,660.000 HBD,HBD,660.000,"Sound of Music/Hive Arte | Spain | small, mixed community event | Hive merchandise and very minor logistical considerations "
3934182610,0,2025-05-17T02:32:51.000Z,valueplan,victorwallet,488.000 HBD,HBD,488.000,"Hive Bike Racing | Venezuela | registration, transport, some logistics | relatively small event "
3936103783,0,2025-05-19T16:46:30.000Z,valueplan,ssekulji,19390.818 HIVE,HIVE,19390.818,"Rally Car | Italy | transport, logistics, accommodations, event expenses for rally | partial costs | 19390.818 HIVE or 5000 HBD"
3936925140,0,2025-05-20T19:16:27.000Z,valueplan,bobaphet,120.000 HBD,HBD,120.000,Talent Land | Mexico | logistics | 4 days
3937174267,0,2025-05-21T03:28:18.000Z,valueplan,swc-oficial,2264.840 HBD,HBD,2264.840,"SWC | Venezuela | medical supply restock | consumables | gauze, dressings, elastic bandages, disinfectants, other materials | items sourced from selection of local vendors due to shipping issues and extra costs | no logistics, contingency or conversion included "
3937188753,0,2025-05-21T03:54:27.000Z,valueplan,ssekulji,19215.988 HIVE,HIVE,19215.988,"Rally Car | Italy | transport, logistics, accommodations, event expenses for rally | partial costs | 19215.988 HIVE or 5000 HBD"
3938306478,0,2025-05-22T15:55:18.000Z,valueplan,lcxvaduz,29315.627 HIVE,HIVE,29315.627,LCX | Global | partnership marketing costs | $8000 USD which is 8000 HBD or 29315.627 at the time of this tx | marketing funds to be used as per agreement 
3938947749,0,2025-05-23T13:45:24.000Z,valueplan,ssekulji,5738.615 HIVE,HIVE,5738.615,"Rally Car | Italy | transport, logistics, accommodations, event expenses for rally | partial costs | 1341.44  Euro, 1518.7 HBD plus 2% conversion | 1549.074 rounded up to 1550 during conversion | remainder of base costs | insurance is outstanding"
3941188858,0,2025-05-26T19:56:18.000Z,valueplan,lb2b,300.000 HBD,HBD,300.000,Hive B2B and Hive Bike Racing | Colombia | B2B adoption during unique sporting event | partner event | additional costs due to hotel rebooking | existing issued contingency not affected
3941813404,0,2025-05-27T17:53:39.000Z,valueplan,bigfluffyclouds,3865.000 HIVE,HIVE,3865.000,Rally car | Italy | B2B portion | transport and accommodation | minro Hive merch included | 881.51 Euro plus 2% converion | 899.14 Euro | 1018.82 HBD 
3942094163,0,2025-05-28T03:10:18.000Z,valueplan,hivesummitaachen,8843.200 HBD,HBD,8843.200,"Hive Summit Aachen | Germany | location booking, refreshments and food for event, Hive merch, logistics, equipment rentals | no contingency at this time | merch order may change | medium-sized event "
3942702933,0,2025-05-29T00:05:51.000Z,valueplan,swc-oficial,600.000 HBD,HBD,600.000,SWC/B2B | Venezuela | transport and minor logistics | series of meetings with vendors and brands 
3942787455,0,2025-05-29T03:04:42.000Z,valueplan,ssekulji,25673.546 HIVE,HIVE,25673.546,Rally car | Italy | CER | insurance for two races | 25673.546 HIVE or 6808.65 HBD | 6049.008 Euro | 80 Euro included that was missing from registration funds | 2% conversion included
3944728831,0,2025-05-31T22:20:12.000Z,valueplan,sb2b,2740.500 HBD,HBD,2740.500,Hive B2B | Venezuela | HATO | large order of Hive merch | 110 long-sleeved shirts and 70 hats | 5% conversion included 
3945508201,0,2025-06-02T01:20:24.000Z,valueplan,andromakas-land,10131.550 HBD,HBD,10131.550,"Hive Park | Venezuela | Hive-branded public park structure in Apure state | social impact project on delay since 2024 | materials including metal, paint, consumable parts for installation, two pieces of equipment (reusable assets), custom Hive logos  | logistics and transportation included | no contingency or conversion included"
3945509493,0,2025-06-02T01:23:45.000Z,valueplan,lb2b,250.000 HBD,HBD,250.000,Hive B2B and Hive Bike Racing | Colombia | additional unexpected transportation costs
3946270020,0,2025-06-03T02:24:24.000Z,valueplan,ssekulji,1091.734 HIVE,HIVE,1091.734,"Rally car | Italy | remaining funds missing from previous total | 229.406 Euro, 262.28 HBD plus 2% | 267.5 HBD "
3946696616,0,2025-06-03T18:07:54.000Z,valueplan,hivestudentshub,4044.000 HBD,HBD,4044.000,Hive Impact Story | Ghana | tech event/student workshop | 600 participants | a one-day event | Hive merch and minor event considerations and logistics | 10% contingency included that is to be refunded if portions unused | promotional activity
3946720148,0,2025-06-03T18:53:45.000Z,valueplan,lb2b,700.000 HBD,HBD,700.000,Hive B2B and Hive Bike Racing | Colombia | contingency due to discrepancy between initial vendor expectations and what has to be paid | receipts required from vendors
3947014147,0,2025-06-04T05:05:06.000Z,valueplan,upb2b,4116.000 HBD,HBD,4116.000,Hive B2B | Venezuela | large Hive merch order for new vendor | 300 pieces | minor logistics | 5% conversion | no contingency included
3947645762,0,2025-06-05T02:18:42.000Z,valueplan,alpha,15000.000 HBD,HBD,15000.000,Refund | Global | Refund for two bridge loans of 15000 HBD total | Refund for tx: c36855f4b46c055e0c6071d115b2e1d456f10162 and 72959dc1eeb2e129f311767c558c1bc3be6a1b44
3947657613,0,2025-06-05T02:41:18.000Z,valueplan,fundtheproject,2890.000 HBD,HBD,2890.000,"Slot Art Festival | Poland | Hive booth at a multi-day art festival | transport, Hive merch, event costs, logistics | 200 contingency included instead of conversion | promotional activity"
3948514142,0,2025-06-06T03:41:30.000Z,valueplan,logic,30.000 HBD,HBD,30.000,Hive B2B | Global | logistics for documentation/translation | 1 day
3950208677,0,2025-06-07T20:31:33.000Z,valueplan,crimsonclad,1351.000 HBD,HBD,1351.000,"Consensus | Canada | transport, accommodations, logistics | ticket was comped by partner | B2B/promotional activity"
3951062758,0,2025-06-09T02:41:51.000Z,valueplan,kaikuse,980.000 HBD,HBD,980.000,SWC / Murph Maracay 2025 | Venezuela | logistical support for a sporting event including registration fees and participation kits | minor promotional activity
3951778005,0,2025-06-10T03:40:45.000Z,valueplan,spiritsurge,3800.000 HBD,HBD,3800.000,"Misc work | Global | VP analytics site | addition of more metrics including various retention views, optimization | 95 hours "
3951780089,0,2025-06-10T03:45:09.000Z,valueplan,hivecreators,7900.000 HBD,HBD,7900.000,"Digital Marketing | LATAM | month 3 | multitude of graphical, digital, video elements, ads, and various other promotional components directed at the entire LATAM market | promotional initiative"
3951781797,0,2025-06-10T03:49:48.000Z,valueplan,coldone,5000.000 HBD,HBD,5000.000,Vibes | contest rewards for the month | promotional project
3955067790,0,2025-06-15T02:56:48.000Z,valueplan,qmwallet,5302.500 HBD,HBD,5302.500,"CWP LATAM | Venezuela | large order of specialty branded Hive merch | shirts, hats, notebooks, agendas (specialty for B2B), standing banners, pencils | minor logistics included | 5% conversion included"
3955069874,0,2025-06-15T03:03:21.000Z,valueplan,bigfluffyclouds,612.010 HBD,HBD,612.010,"Rally car/Hive B2B | Italy | outstanding funds from Hive merch, minor logistics, microphone, misc funds missed from previous tx | B2B portion of activities | 504.41 Euro plus 5% conversion, 529.63 Euro in HBD"
3958228157,0,2025-06-19T18:50:48.000Z,valueplan,latamwallet,847.350 HBD,HBD,847.350,"JCI | Colombia | tech event with ongoing partner organization | Hive presentation/workshop at event | minor sponsorship included, rest is transportation and accommodations | annual event"
3958414253,0,2025-06-20T01:46:57.000Z,valueplan,inhive,1300.000 HBD,HBD,1300.000,IIT-Delhi Hackathon | India | round of hackathon prizes
3960056037,0,2025-06-22T16:10:54.000Z,valueplan,finfarm,5500.000 HBD,HBD,5500.000,FinFarm | India | multi-month partnership | June costs | note: this is a service provider/vendor
3960330463,0,2025-06-23T01:48:03.000Z,valueplan,hivecuba,525.000 HBD,HBD,525.000,Skhole | Cuba | Contacto Habana | single tech event sponsorship | 5 HBD added for conversion 
3960370815,0,2025-06-23T03:18:48.000Z,valueplan,victorwallet,4600.000 HBD,HBD,4600.000,Hive Bike Racing | Colombia | repairs and parts following race | old parts to be sold where usable
3961342643,0,2025-06-24T14:46:36.000Z,hivecuba,valueplan,5.000 HBD,HBD,5.000,unused funds for fee after using Hive P2P
3962057664,0,2025-06-25T16:32:57.000Z,bigfluffyclouds,valueplan,4.294 HBD,HBD,4.294,
3962959000,0,2025-06-27T01:26:27.000Z,valueplan,lb2b,1550.000 HBD,HBD,1550.000,"Hive Bike Racing/Hive B2B | Venezuela | this is a project with a new partner | partial costs | registration, accommodations, partial logistics | 50 HBD added from contingency funds for use for changeover, remainder to be saved for subsequent changeover "
3965632890,0,2025-07-01T03:25:09.000Z,valueplan,hivetalkproject,350.000 HBD,HBD,350.000,UNEXPO | Venezuela | sponsorship for football event in conjunction with UNEXPO University partnership | minor activity
3965634315,0,2025-07-01T03:28:45.000Z,valueplan,upb2b,1540.000 HBD,HBD,1540.000,"Hive B2B | Venezuela | Hive merch order for remaining locations of Maphoca, a HBD retailer | minor logistics included | 5% conversion included "
3965639635,0,2025-07-01T03:37:24.000Z,valueplan,joheredia21,30.000 HBD,HBD,30.000,Misc work | Global | minor logistics for creating the metrics dashboard | test project for internal KPI reporting
3967080551,0,2025-07-03T05:51:18.000Z,valueplan,conf3rence,115569.929 HIVE,HIVE,115569.929,Conf3rence | Germany | sponsorship | 24514 HBD/USD at current HIVE price of 0.212114 | minor adjustment possible
3968163328,0,2025-07-04T19:52:15.000Z,valueplan,hivewrestlefest,3010.000 HBD,HBD,3010.000,Hive Wrestle Fest | USA | deposit costs | promotional event
3968165257,0,2025-07-04T19:57:27.000Z,valueplan,mazergaming,5000.000 HBD,HBD,5000.000,Mazer | USA | gaming promotion | series of streaming activities to showcase various Hive games | July
3968166646,0,2025-07-04T20:01:18.000Z,valueplan,spiritsurge,4080.000 HBD,HBD,4080.000,"Misc work | Global | VP analytics site | onboarding section additions, blacklists added, multi-search capability, optimization "
3968852498,0,2025-07-05T21:28:27.000Z,valueplan,hiverun,450.000 HBD,HBD,450.000,Hive Run | Venezuela | registration for Caracas Rock marathon | runners in Hive merch and with Hive booth
3968859357,0,2025-07-05T21:39:36.000Z,valueplan,krolestwo,2000.000 HBD,HBD,2000.000,"Krolestwo | Poland | base operating expenses for project | rental, materials, adertising and marketing costs | Q3 part 1 | July "
3970356814,0,2025-07-08T02:37:39.000Z,alpha,valueplan,91325.000 HIVE,HIVE,91325.000,bridge
3970393321,0,2025-07-08T04:00:24.000Z,valueplan,victorwallet,730.000 HBD,HBD,730.000,Hive Bike Racing | Venezuela | replacement parts and maintenance
3971074267,0,2025-07-09T03:36:12.000Z,valueplan,swc-oficial,27853.000 HIVE,HIVE,27853.000,SWC | Venezuela | Duals Battles 4 Edicion | B2B included in this event | 6000 HBD in HIVE | Hive merch and other pre-orders
3971771889,0,2025-07-10T03:23:39.000Z,valueplan,open.mithril,2541.398 HIVE,HIVE,2541.398,"Hive B2B | Colombia | Hive laptop asset for conference and workshop presentations | 555.73 HBD/USD with receipt dated June 10, 2025 tx date | general promotional asset"
3971774255,0,2025-07-10T03:27:30.000Z,valueplan,king13wallet,6859.620 HIVE,HIVE,6859.620,"K13 | Venezuela | motorcycle components for two races to represent Hive | static components where price is known in advance, partial cost | no contingency "
3971775343,0,2025-07-10T03:30:42.000Z,valueplan,arlettemsalase,1580.000 HBD,HBD,1580.000,CES | Bolivia | transportation costs to book tickets prior to price increase | contingency in next transaction
3972814095,0,2025-07-11T16:26:45.000Z,valueplan,victorwallet,8097.130 HIVE,HIVE,8097.130,Hive Bike Racing | remainder of components for race | accommodations and transport included | 8097.13 HIVE or 1834 HBD | no contingency 
3974933373,0,2025-07-14T19:19:54.000Z,valueplan,upb2b,13216.855 HIVE,HIVE,13216.855,"Hive B2B | Venezuela | Hive merch order, brochures order, logistics included | meetings and workshops included | 3156 HBD or 13216.855 HIVE | 5% conversion included | 300 HBD contingency included that is to be refunded if unused (not included in conversion)"
3974991498,0,2025-07-14T21:11:24.000Z,valueplan,sb2b,18162.776 HIVE,HIVE,18162.776,"Hive B2B | Venezuela | 240+ piece merch order of shirts and hats, some logistics incldued | HATO HQ order | conversion is included only in part in this tx | follow-up small tx may be required based on conversion | 4318.2 HBD or 18162.776 HIVE "
3975236866,0,2025-07-15T05:45:15.000Z,valueplan,lb2b,2380.000 HBD,HBD,2380.000,Hive B2B/Hive Bike Racing | Venezuela | logistics and transportation for partnership event | pilot event with partner team and Hive booth setup | multi day activity
3975579926,0,2025-07-15T17:00:24.000Z,valueplan,lb2b,630.000 HBD,HBD,630.000,Hive B2B/Hive Bike Racing | Venezuela | funds missing from previous tx | line items unchanged
3977636983,0,2025-07-18T17:05:06.000Z,valueplan,swc-oficial,5500.000 HBD,HBD,5500.000,SWC | Venezuela | Duals Battles 4 Edicion | B2B included in this event | downpayments and orders of event materials | some paint for bars included (mandatory upkeeping as per regulations) | no conversion in this tx
3977638605,0,2025-07-18T17:08:39.000Z,valueplan,hivewrestlefest,4200.000 HBD,HBD,4200.000,Hive Wrestle Fest | USA | deposit costs | promotional event | 5% changeover included in this tx (not in previous tx) 
3977918690,0,2025-07-19T03:13:00.000Z,valueplan,csg2025,3100.000 HBD,HBD,3100.000,CES | Bolivia | sponsorship  
3979221221,0,2025-07-21T02:02:00.000Z,valueplan,finfarm.backup,7800.008 HIVE,HIVE,7800.008,FinFarm | India | multi-month partnership | July partial costs | 2000 HBD | 7800.008 HIVE at 0.256410 HIVE  | note: this is a service provider/vendor
3979725564,0,2025-07-21T19:08:30.000Z,valueplan,latamwallet,4049.050 HBD,HBD,4049.050,"CES | Bolivia | transport, accommodations, merch, miscellaneous expenses, insurance, giveaways | 600 HBD contingency included to be returned if unneeded | sponsorship already paid"
3982639671,0,2025-07-26T02:08:57.000Z,valueplan,swc-oficial,7220.000 HBD,HBD,7220.000,SWC/B2B | Venezuela | Aviadores B2B and Duals Battles 4th ed | remaining outstading costs including costs mandated by the venue | transportation is included but accommodations are outstanding pending hotel agreement | no contingency or conversion
3982684492,0,2025-07-26T03:56:30.000Z,valueplan,sb2b,430.000 HBD,HBD,430.000,Hive B2B | Venezuela | HATO HQ | funds missing from previous Hive merch order | 
3983938181,0,2025-07-28T03:17:39.000Z,valueplan,lb2b,3480.700 HBD,HBD,3480.700,"Hive B2B/SWC | Venezuela | Hive ""booth"" B2B promotional area | large order of Hive merch for separate giveaways | transportation and logistics included | 100 HBD contingency included "
3983940340,0,2025-07-28T03:24:18.000Z,valueplan,latamwallet,449.330 HBD,HBD,449.330,CES | Bolivia | fund adjustment due to unexpected changes
3983947438,0,2025-07-28T03:39:36.000Z,valueplan,swc-oficial,2975.000 HBD,HBD,2975.000,SWC | Venezuela | hotel costs for 44 persons | as per invoice 26 July good through 31 July | 4 August
3984432025,0,2025-07-28T20:27:57.000Z,valueplan,hiveland.dapp,24185.000 HBD,HBD,24185.000,Aguas Santas | Portugal | Annual sponsorship 2026-2027 | partial amount | 1000 HBD included for conversion although conversion % is not known at this time | 20000 Euro or 23185.00 HBD plus conversion
3985785829,0,2025-07-30T18:05:15.000Z,valueplan,jthomasewsky,661.500 HBD,HBD,661.500,PBS | Paraguay | transportation | 5% conversion included as contingency 
3985801017,0,2025-07-30T18:40:00.000Z,valueplan,youngartfair,8000.000 HBD,HBD,8000.000,Young Art Festival | Poland | sponsorship | remaining cost | Q4 included
3985801600,0,2025-07-30T18:41:15.000Z,valueplan,krolestwo,4000.000 HBD,HBD,4000.000,"Krolestwo | Poland | base operating expenses for project | rental, materials, adertising and marketing costs | Q3 part 2 and 3 | August and September"
3985869036,0,2025-07-30T20:55:21.000Z,valueplan,hivecuba,1020.000 HBD,HBD,1020.000,HiveCubaCon | Cuba | Hive merch | partial budget not including logistics | 100 HBD contingency included | annual promotional event
3987282803,0,2025-08-01T23:46:48.000Z,valueplan,mazergaming,5000.000 HBD,HBD,5000.000,Mazer | USA | gaming promotion | game-related activities/integrations/partnerships | August
3987283288,0,2025-08-01T23:48:30.000Z,valueplan,finfarm,3000.000 HBD,HBD,3000.000,FinFarm | India | multi-month partnership | July partial costs | outstanding 3000 HBD 
3987347694,0,2025-08-02T01:55:09.000Z,valueplan,criptoboi1,7100.000 HBD,HBD,7100.000,PBS | Paraguay | Sponsorship
3987348533,0,2025-08-02T01:57:21.000Z,valueplan,latamwallet,4518.650 HBD,HBD,4518.650,"PBS | Paraguay | conference costs | some funds may be unused | transport, accommodations, some merch, logistics |  5% conversion included"
3987715316,0,2025-08-02T16:04:36.000Z,latamwallet,valueplan,661.500 HBD,HBD,661.500,Refund of part of the budget because it was sent first @jthomasewsky | Tx: 865642b2fe60bdfe4ad35edc51bfd9ba06441378
3988002146,0,2025-08-03T02:18:15.000Z,valueplan,hivetalkproject,3448.460 HBD,HBD,3448.460,Hive Talk Project | Venezuela | B2B and university partnerships | Hive merch and operating expenses for multiple events and activities | August
3988002790,0,2025-08-03T02:19:57.000Z,valueplan,victorwallet,300.000 HBD,HBD,300.000,Hive Bike Racing | Venezuela | bike frame shipping costs
3988348130,0,2025-08-03T15:22:24.000Z,valueplan,swc-oficial,2500.000 HBD,HBD,2500.000,SWC | Venezuela | logistical expenses due to large size of event 
3988351210,0,2025-08-03T15:29:33.000Z,valueplan,spiritsurge,4800.000 HBD,HBD,4800.000,"Misc work | Global | VP analytics site | social media analytics, more onboarding data, backend work  | 121 hours"
3989738894,0,2025-08-05T16:45:54.000Z,valueplan,upb2b,830.000 HBD,HBD,830.000,"Hive B2B | Venezuela | additional funds for follow-up partnerships in relation to the leads gained during the SWC Aviadores-based event | local B2B partnerships | logistics, accommodations, transport | one week extension"
3990072630,0,2025-08-06T04:18:15.000Z,valueplan,hivecreators,7000.000 HBD,HBD,7000.000,"Digital Marketing | LATAM | month 4 | multitude of graphical, digital, video elements, ads, and various other promotional components directed at the entire LATAM market | promotional initiative"
3990773388,0,2025-08-07T05:17:57.000Z,valueplan,bigfluffyclouds,1482.150 HBD,HBD,1482.150,"Conf3rence | Germany | transportation, accommodations | logistics are not included in this tx"
3990774560,0,2025-08-07T05:20:54.000Z,valueplan,hivestudentshub,4235.000 HBD,HBD,4235.000,"Web3 Summit Tamale | Ghana | tech event for up to 300 attendees | Hive merch included in order, 300 shirts to be given out as part of onboarding | contingency of 385 included | event may come in under budget and see refunds"
3990777425,0,2025-08-07T05:28:24.000Z,valueplan,finfarm,500.000 HBD,HBD,500.000,FinFarm | India | multi-month partnership | July partial costs | outstanding 500 HBD
3991854290,0,2025-08-08T17:56:45.000Z,valueplan,gh-borehole,9181.000 HBD,HBD,9181.000,"CWP | Ghana | completion of projected well installations for the year | everything that goes into one well including drilling, transport, materials, pump, tank, plumbing, concrete and so on |  Offinso, Ashanti, Ghana"
3991922080,0,2025-08-08T20:15:27.000Z,valueplan,criptolatinfest,7100.000 HBD,HBD,7100.000,CLF | Colombia | sponsorship 
3993950609,0,2025-08-11T18:33:15.000Z,valueplan,starkerz,326.000 HBD,HBD,326.000,CLF | Colombia | transportation costs | partial cost as per flight cost estimate not including fees or conversion
3993979298,0,2025-08-11T19:24:18.000Z,valueplan,fundtheproject,2560.000 HBD,HBD,2560.000,"Young Art Festival | Poland | logistical and operational budgets for four cities | accommodations, logistics, transport, videography/graphics work, misc expenses | no contingency at this time "
3993993713,0,2025-08-11T19:54:09.000Z,valueplan,hiveland.dapp,2320.970 HBD,HBD,2320.970,Aguas Santas | Portugal | Annual sponsorship 2026-2027 | partial amount | 1000 HBD included for conversion although conversion % is not known at this time | 20000 Euro or 2320.97 HBD | there is no conversion on this amount | conversion to be transferred separately if needed
3994014680,0,2025-08-11T20:33:51.000Z,valueplan,starkerz,49.000 HBD,HBD,49.000,CLF | Colombia | transportation costs | funds missing from previous tx
3994226389,0,2025-08-12T04:14:39.000Z,valueplan,king13wallet,4800.000 HBD,HBD,4800.000,"K13 Racing | LATAM | costs from several events | refund amount in part from Q2 | transport, logistics, consumables, tires, and event-specific costs | events tied to B2B "
3994228861,0,2025-08-12T04:19:30.000Z,valueplan,victorwallet,9080.879 HIVE,HIVE,9080.879,"Hive Bike Racing | Venezuela | tranport, logistcs, broken part replacement | partial transfer | 9080.879 HIVE or 2000 HBD |  promotional activity with partner"
3995311769,0,2025-08-13T17:41:03.000Z,valueplan,latamwallet,7764.750 HBD,HBD,7764.750,"CLF | Colombia | transport, logistics, accommodations, Hive merchandise, event related items, contingency of 400 HBD included | major conference"
3995313163,0,2025-08-13T17:43:03.000Z,valueplan,detlev,2487.650 HBD,HBD,2487.650,"Conf3rence | Germany | transport, accommodations and logistics for  5 people | major conference"
3995320955,0,2025-08-13T17:55:30.000Z,valueplan,hiveland.dapp,20880.000 HBD,HBD,20880.000,Aguas Santas | Portugal | Annual sponsorship 2026-2027 | partial amount | 23200.97 HBD minus the previously sent 2320.97 HBD | mistake was in a missing zero | total is 20000 Euro in HBD | proper message: there is no conversion on this amount | conversion to be transferred separately if needed
3995347751,0,2025-08-13T18:55:21.000Z,valueplan,rubencress,320.000 HBD,HBD,320.000,Conf3rence | Germany | booth design and related elements design | 16 hours
3995604986,0,2025-08-14T03:40:42.000Z,valueplan,upb2b,850.000 HBD,HBD,850.000,Hive B2B | Venezuela | meetings and onboarding sessions with owners of a number of large businesses | 10 days of logistics and transportation | 50 HBD contingency added
3996019180,0,2025-08-14T18:36:06.000Z,latamwallet,valueplan,210.000 HBD,HBD,210.000,Return of funds by @jthomasewsky
3996728279,0,2025-08-15T19:10:42.000Z,valueplan,sb2b,3244.950 HBD,HBD,3244.950,Hive B2B | Venezuela | these funds are to pay for existing orders on merch | standup banners and other non-wearable materials included | minor logistics and transportation included | 5% conversion
3996729713,0,2025-08-15T19:14:21.000Z,valueplan,developwallet,440.000 HBD,HBD,440.000,SWC/B2B | Venezuela | refund from Aviadores event | 22 hours of design work to create all of the materials that had to be created from scratch | partial hours towards this were donated 
3996945315,0,2025-08-16T02:58:54.000Z,valueplan,victorwallet,3404.631 HIVE,HIVE,3404.631,"Hive Bike Racing | Venezuela | tranport, logistcs, broken part replacement | partial transfer | 3404.631 HIVE or 740 HBD | promotional activity with partner"
3996947560,0,2025-08-16T03:04:09.000Z,valueplan,hivecreators,300.000 HBD,HBD,300.000,CES | Bolivia | graphic design for all the required elements and merch items |  15 hours
3996948009,0,2025-08-16T03:05:18.000Z,valueplan,hivecreators,460.000 HBD,HBD,460.000,"PBS | Paraguay | graphic design including stand design, all design elements | 23 hours"
3996949515,0,2025-08-16T03:09:39.000Z,valueplan,rubencress,80.000 HBD,HBD,80.000,"Professional services | Global | 4 hours of graphics work, various projects"
3997521809,0,2025-08-17T00:07:06.000Z,valueplan,music1sound,450.000 HBD,HBD,450.000,General advertising | Spain | an order of Hive brochures for direct distribtuion | very minor logistics included
3997522915,0,2025-08-17T00:10:00.000Z,valueplan,hivestudentshub,1400.000 HBD,HBD,1400.000,"Ghana Youth Tech Summit | Ghana | small partnership activity | not a sponsorship | logistics, accommodation, transport"
3997523167,0,2025-08-17T00:10:33.000Z,valueplan,finfarm,5500.000 HBD,HBD,5500.000,FinFarm | India | multi-month partnership | August costs
3997613584,0,2025-08-17T03:46:33.000Z,valueplan,hivecuba,600.000 HBD,HBD,600.000,HiveCubaCon | Cuba | food order and videography costs | event funds
3997616793,0,2025-08-17T03:55:21.000Z,valueplan,upb2b,2625.000 HBD,HBD,2625.000,"Hive B2B | Venezuela | 5 days of Hive workshop courses for select business owners and staff | 300 persons in total | rental, consumables for, Hive merch, logistics, very minor transportation | 5% conversion"
4000260458,0,2025-08-21T02:13:03.000Z,valueplan,hivesummitaachen,2046.520 HBD,HBD,2046.520,"Hive Summit Aachen | Germany | event costs due to taxes, insurance, and other expenses directly relating to the event "
4000283072,0,2025-08-21T03:06:18.000Z,valueplan,latamwallet,861.000 HBD,HBD,861.000,"CLF | Colombia | Hive merch and accommodation costs, increases in costs due to changes out of our control"
4000702532,0,2025-08-21T18:02:57.000Z,valueplan,merch4conf3rence,3594.500 HBD,HBD,3594.500,Conf3rence | Germany | Hive merch for booth | 3033.27 Euro | 3524.02 HBD plus 2% conversion 
4000706210,0,2025-08-21T18:11:42.000Z,valueplan,hiveland.dapp,1722.320 HBD,HBD,1722.320,"Aguas Santas | Portugal | conversion costs, Hive merch order included as part of 500 HBD contingency"
4000726868,0,2025-08-21T18:57:36.000Z,valueplan,inhive,4087.400 HBD,HBD,4087.400,Code Hive | India | event location booking and related logistics | VSC themed event and hackathon | additional costs in subsequent tx
4001347002,0,2025-08-22T17:37:18.000Z,valueplan,victorwallet,1500.000 HBD,HBD,1500.000,Multiple projects | Global | graphic design 2025-2026 elements | 75 hours
4001376038,0,2025-08-22T18:37:33.000Z,valueplan,hivewrestlefest,18713.200 HBD,HBD,18713.200,Hive Wrestle Fest | USA | payment for visual elements for the event | multiple elements included | 10% conversion and fee cost included  
4003209023,0,2025-08-25T14:59:48.000Z,danielvehe,valueplan,140.700 HBD,HBD,140.700,"Refund of ""Hive Goes to School"" - Distriator Workshop was only partially completed"
4003949516,0,2025-08-26T16:58:09.000Z,valueplan,upb2b,450.000 HBD,HBD,450.000,Hive B2B | Venezuela | project extension funds for two 2B2 projects due to need to cover extra days of work | 200 HBD and 250 HBD
4004680749,0,2025-08-27T18:45:12.000Z,valueplan,swc-oficial,550.000 HBD,HBD,550.000,"SWC/Hive B2B | LATAM | provisions for series of media engagements | transport, logistics, rentals where applicable | promotional activity "
4004768265,0,2025-08-27T21:49:12.000Z,latamwallet,valueplan,147.500 HBD,HBD,147.500,"Refund of event funds CES La Paz, CES Santa Cruz, PBS Asunción and CLF Medellín "
4004863414,0,2025-08-28T01:34:21.000Z,valueplan,ssekulji,14400.908 HIVE,HIVE,14400.908,"Conf3rence | Germany | transport, logistics | 2500 Euros or 2911.68 HBD plus 2% contingency |  2969.9 HBD total in HIVE"
4005582817,0,2025-08-29T03:33:24.000Z,valueplan,swc-oficial,2700.000 HBD,HBD,2700.000,SWC | LATAM | promotional pilot project with new partner | 1200 HBD activity cost and the remainder are supplies and logistics 
4008584470,0,2025-09-02T15:28:21.000Z,valueplan,merch4conf3rence,1515.000 HBD,HBD,1515.000,Conf3rence | Germany | Hive merch order of shirts | minor considerations for logistics
4008629507,0,2025-09-02T16:57:48.000Z,valueplan,hivefest.sponsor,12505.600 HBD,HBD,12505.600,Hive Fest | Malaysia | refund | downpayments for venues and transportation costs | 10737.56 Euro in HBD
4008649951,0,2025-09-02T17:37:21.000Z,valueplan,mazergaming,12750.000 HIVE,HIVE,12750.000,Mazer | USA | B2B promotion/partnership outreach | partial pivot from gaming promotion due to expanded deliverables | KPIs to be developed for this new type of project | 2500 HBD plus 2% conversion | partial payment
4008808828,0,2025-09-02T22:38:42.000Z,hivecuba,valueplan,560.000 HBD,HBD,560.000,HiveCubaCon physical event canceled - 1060 HBD can't be returned do to having been invested 
4009344207,0,2025-09-03T17:02:33.000Z,valueplan,lb2b,3378.500 HBD,HBD,3378.500,"B2B | Venezuela | two cities: Lecheria and Maracay | several small tech events | rental, transport, some Hive merch (no shirts to save money), event necessities, logistics | 5% conversion | 50 HBD contingency"
4009359280,0,2025-09-03T17:35:36.000Z,valueplan,hiverun,500.000 HBD,HBD,500.000,Hive Run | Venezuela | Caracas Rock | onboarding contest prizes | activity using the Hive Snaps App 
4009596872,0,2025-09-04T01:25:39.000Z,valueplan,qmwallet,3640.000 HBD,HBD,3640.000,CWP LATAM | Venezuela | purchase of sensors and materials to integrate the installation with the Hive blockchain | multiple vendor-provided components | no contingency at this time 
4010046013,0,2025-09-04T17:23:24.000Z,valueplan,baileys,2326.210 HBD,HBD,2326.210,"Token2049 | Singapore | partial costs, logistics | 9824.76 RM or 2326.21 HBD "
4010055332,0,2025-09-04T17:45:18.000Z,valueplan,josepimpo,680.000 HBD,HBD,680.000,CLF/Promotions/B2B | Global | general promotion of specific Hive-focused events | refund for CLF flight
4011376518,0,2025-09-06T16:20:18.000Z,ecoinstant,valueplan,551.250 HBD,HBD,551.250,refund ecoinstante
4012997390,0,2025-09-09T01:52:21.000Z,valueplan,spiritsurge,3000.000 HBD,HBD,3000.000,"Misc work | Global | VP analytics site | distribution statistics, transactions, various analytics | partial payment for 75 out of the 120 hours of work "
4012997862,0,2025-09-09T01:53:18.000Z,valueplan,coldone,5000.000 HBD,HBD,5000.000,Vibes | contest rewards for the month | promotional project
4014790553,0,2025-09-11T16:47:57.000Z,valueplan,ssekulji,17111.114 HIVE,HIVE,17111.114,Rally car | Europe | CER registration | partial cost | 3000 Euro or 3520.8 HBD
4015013263,0,2025-09-12T00:16:21.000Z,guiltyparties,valueplan,1000.000 HIVE,HIVE,1000.000,minor bridge loan
4015014468,0,2025-09-12T00:18:33.000Z,valueplan,ssekulji,12197.870 HIVE,HIVE,12197.870,Rally car | Europe | CER registration | partial cost | 2157 Euro or 2532.29 HBD
4015089077,0,2025-09-12T03:03:39.000Z,valueplan,hivecreators,427.900 HBD,HBD,427.900,"InKonnect | Peru | sponsorship, Hive merch, transport, logistics"
4017491045,0,2025-09-15T15:56:03.000Z,valueplan,detlev,501.000 HBD,HBD,501.000,"Conf3rence | Germany | extra event costs | hotel x 1 night, transport, merch, general event |  428.4 Euro with tax or 501 HBD"
4019778652,0,2025-09-19T00:12:54.000Z,valueplan,swc-oficial,270.000 HBD,HBD,270.000,SWC | Venezuela | meeting with NGOs in Punto Fijo | transport and logistics for the meeting
4020959524,0,2025-09-20T20:38:00.000Z,guiltyparties,valueplan,551.000 HBD,HBD,551.000,CLF | Colombia | refund due to compromised user account | loss refund 
4022132521,0,2025-09-22T16:23:36.000Z,valueplan,swc-oficial,2700.000 HBD,HBD,2700.000,"SWC | Venezuela | Free Style Day | event logistics, merch, consumables,  minor transport | smaller promotional event at Hive park"
4022135252,0,2025-09-22T16:29:27.000Z,valueplan,inhive,1185.790 HBD,HBD,1185.790,"Boundl3ss | India | event costs, rental, consumables, minor logistics | Hive tech event | ETH Global side-event"
4023534895,0,2025-09-24T16:58:15.000Z,valueplan,inhive,2689.210 HBD,HBD,2689.210,"Boundl3ss | India | event costs, rental, consumables, minor logistics | Hive tech event | remainder of funds | ETH Global side-event"
4024334035,0,2025-09-25T21:37:09.000Z,valueplan,spiritsurge,1800.000 HBD,HBD,1800.000,"Misc work | Global | VP analytics site | distribution statistics, transactions, various analytics | partial payment for 45 out of the 120 hours of work"
4024492901,0,2025-09-26T03:32:15.000Z,valueplan,deltawallet,485.628 HBD,HBD,485.628,"Delta B2B | Nigeria | small Distriator event | rentals, items for event and minor transportation |  banners are not reusable and messaging was not adjusted in time for event due to constraints"
4024498127,0,2025-09-26T03:41:03.000Z,valueplan,krolestwo,2000.000 HBD,HBD,2000.000,"Krolestwo | Poland | base operating expenses for project | rental, materials, adertising and marketing costs | Q4 October"
4024500895,0,2025-09-26T03:47:27.000Z,valueplan,lb2b,1000.000 HBD,HBD,1000.000,Hive B2B | Venezuela | pre-planned activity | several workshops and related logistics including all event necessities 
4030817968,0,2025-10-05T16:42:15.000Z,valueplan,hivecreators,9100.000 HBD,HBD,9100.000,"Digital Marketing | LATAM | month 5 | multitude of graphical, digital, video elements, ads, and various other promotional components directed at the entire LATAM market | promotional initiative"
4030820457,0,2025-10-05T16:47:21.000Z,valueplan,hivecreators,580.000 HBD,HBD,580.000,"Web3 Summit Tamale | Ghana | graphic design and promotional elements for the event, stand, design for social media, slides, website | 29 hours"
4030821532,0,2025-10-05T16:49:30.000Z,valueplan,finfarm,5500.000 HBD,HBD,5500.000,FinFarm | India | multi-month partnership | September costs | note: this is a service provider/vendor
4030855824,0,2025-10-05T17:55:48.000Z,valueplan,hivereports,6900.000 HBD,HBD,6900.000,Misc work | Global | VP analytics dashboard | dashboard is for all DHF projects but is being piloted with VP | 345 hours | multiple months work
4030865911,0,2025-10-05T18:12:45.000Z,valueplan,abdul01,500.000 HBD,HBD,500.000,Hive Students Hub | Ghana | technical asset required for operations and onboarding during activities
4030867502,0,2025-10-05T18:14:42.000Z,valueplan,inhive,330.000 HBD,HBD,330.000,Boundl3ss | India | logistics for event team | Hive tech event | ETH Global side-event
4031808573,0,2025-10-07T02:58:21.000Z,valueplan,ssekulji,26302.361 HIVE,HIVE,26302.361,Rally car | Europe | CER | race logistics and transportation | partial cost | 5000 HBD  towards 5000 Euro total (next tx)
4031810854,0,2025-10-07T03:03:18.000Z,valueplan,crimsonclad,2450.000 HBD,HBD,2450.000,"Token2049 | Singapore | transportation, accommodations, logistics | ticket was comped through partnership (999 HBD value)"
4032228084,0,2025-10-07T18:13:51.000Z,valueplan,ssekulji,4841.356 HIVE,HIVE,4841.356,Rally car | Europe | CER | logistics | continuation of previoux tx | changeover included in this tx | 851.44 HBD plus 5% changeover | 894 HBD | part of 5851.44 HBD to make up 5000 Euro 
4033721240,0,2025-10-10T00:12:06.000Z,valueplan,ssekulji,27493.979 HIVE,HIVE,27493.979,"Rally car | CER | Europe | tires, fuel, and other race components | partial payment | 5000 HBD "
4034852492,0,2025-10-11T20:57:48.000Z,valueplan,hivewrestlefest,2000.000 HBD,HBD,2000.000,Hive Wrestle Fest | USA | select transportation costs | promotional event
4034854416,0,2025-10-11T21:03:09.000Z,valueplan,rubencress,800.000 HBD,HBD,800.000,Multiple events | Europe | creation of design elements and flyers | one Meetup file included | 40 hours total
4034889947,0,2025-10-11T22:34:45.000Z,valueplan,ssekulji,34957.701 HIVE,HIVE,34957.701,"Rally car | Europe | CER | fuel, transport, accommodations, and other race requirements | partial cost | payment cannot be delayed due to race schedule | 5000 HBD"
4034900405,0,2025-10-11T23:03:06.000Z,valueplan,bigfluffyclouds,180.000 HBD,HBD,180.000,Rally car | Europe | CER | large order of Hive stickers for giving out during the event 
4034961642,0,2025-10-12T01:43:18.000Z,valueplan,vsc.network,399.000 HBD,HBD,399.000,CMC Boost | Global | visibility promotion for HIVE | 50x 
4035545613,0,2025-10-13T00:23:21.000Z,valueplan,spiritsurge,4600.000 HBD,HBD,4600.000,"Misc work | Global | VP analytics site | refactoring, optimization, API design, HafSQL-related improvements, etc |  115 hours | part of the work is unpaid"
4035557610,0,2025-10-13T00:50:09.000Z,valueplan,swc-oficial,5400.000 HBD,HBD,5400.000,"SWC | Venezuela | 2 Versus per Category Event | mall exhibition/B2B event | Hive merch, event consumables, rentals, taxes/mandatory payments for event approval, other physical elements | partial cost | event cost was reduced by to as low as possible"
4035963378,0,2025-10-13T16:33:54.000Z,valueplan,alpha,91325.000 HIVE,HIVE,91325.000,Refund | Global | tx  d3d399c3c19218baf9757cf34889ebf1c5ebfd54 | bridge loan on July 8 | issued in HIVE and returned in HIVE
4035965637,0,2025-10-13T16:39:09.000Z,valueplan,guiltyparties,1000.000 HIVE,HIVE,1000.000,Refund | Global | tx f70767757d9539c44192efd1fd1888bfb9e47ada | minor bridge loan on Sept 12 | issued in HIVE and returned in HIVE
4036013864,0,2025-10-13T18:14:24.000Z,valueplan,victorwallet,2049.000 HBD,HBD,2049.000,Hive Bike Racing | Venezuela | outstanding bill payment to vendor | entire amount is as specified on invoice
4036660778,0,2025-10-14T19:25:12.000Z,valueplan,ssekulji,21552.349 HIVE,HIVE,21552.349,Rally car | Europe | CER | remainder of costs | 2712.95 Euro or 3148.35 HBD plus 2% conversion | 3211.3 HBD in HIVE
4037511205,0,2025-10-16T02:46:15.000Z,valueplan,developwallet,340.000 HBD,HBD,340.000,SWC/B2B | Venezuela | Free Style Day | 17 hours of graphics work for all elements of the event | this is a refund
4037521274,0,2025-10-16T03:12:45.000Z,valueplan,hivecreatorsday,1100.000 HBD,HBD,1100.000,"Hive Creators Day | Peru | a small Hive-focused tech event | Hive merch and marketing materials, food for attendees, location considerations, logistics | 50 HBD contingency included"
4037527060,0,2025-10-16T03:24:57.000Z,valueplan,hivetalkproject,3798.460 HBD,HBD,3798.460,"Hive Talk Project | Venezuela | multiple events and activities | Hive merch orders for events | included are event rentals, consumables during events, transport, misc event costs, giveaways | 5% conversion "
4037913622,0,2025-10-16T18:30:09.000Z,valueplan,qmwallet,4529.000 HBD,HBD,4529.000,CWP LATAM | Venezuela | components and minor logistics for a Hive monitoring system | a complex proof-of-concept promotional project | multiple physical components
4037914494,0,2025-10-16T18:32:18.000Z,valueplan,danielvehe,1930.000 HBD,HBD,1930.000,Hive Goes to School | Venezuela | program costs for 3 months | logistics and transportation
4038095524,0,2025-10-17T01:03:09.000Z,valueplan,swc-oficial,4700.000 HBD,HBD,4700.000,"SWC | Venezuela | 2 Versus per Category Event | mall exhibition/B2B event | Hive merch, event consumables, rentals, other physical elements | partial cost of a reduced price | this event is partially sponsored "
4038105532,0,2025-10-17T01:22:57.000Z,valueplan,biconomy,8000.000 HBD,HBD,8000.000,Bitconomy | Global | marketing
4038755045,0,2025-10-18T01:49:54.000Z,valueplan,upb2b,2906.000 HBD,HBD,2906.000,"Hive B2B | Venezuela | Oct-Nov | this is 3 x workshops, 7-8 corporate seminars/company days | transport, logistics, rental of venue for workshops, some smaller Hive merch | 5% conversion and 50 HBD contingency added "
4038768823,0,2025-10-18T02:33:06.000Z,valueplan,sb2b,1701.770 HBD,HBD,1701.770,"Hive B2B | Venezuela | Hive merch consisting of two types of banner sets, printed materials | multiple minor events included | logistics and transportation |  17 days | Oct-Nov | 5% contingency "
4039266457,0,2025-10-18T21:53:45.000Z,valueplan,lb2b,4013.000 HBD,HBD,4013.000,"Hive B2B | Venezuela | Elemental Race | this is a blended project with a partner/HBD vendor | event logistics, consumables, Hive merch (required) | this is 10 days of event and related B2B activities"
4039321241,0,2025-10-18T23:45:39.000Z,valueplan,king13wallet,5500.000 HBD,HBD,5500.000,K13 Racing | LATAM | 3 x events | 2/3/4 valida in honor of Yoni Ceccoto and Carlos Lavado | B2B-focused representation | refund | total invoice is  9987 HBD with tax | partial payment
4039374887,0,2025-10-19T01:47:03.000Z,valueplan,finfarm,5500.000 HBD,HBD,5500.000,FinFarm | India | multi-month partnership | October costs | note: this is a service provider/vendor
4040730025,0,2025-10-21T04:02:51.000Z,valueplan,swc-oficial,7166.000 HBD,HBD,7166.000,"SWC | Venezuela | 2 Versus per Category Event | mall exhibition/B2B event |  remaining outstanding event costs including item rentals, logistics, outstanding invoices |  promotional event"
4040733165,0,2025-10-21T04:11:03.000Z,valueplan,spiritsurge,440.000 HBD,HBD,440.000,Blockchain Life | UAE | event ticket and logistics | Hive representation at conference 
4042333996,0,2025-10-23T15:00:27.000Z,valueplan,hivewrestlefest,500.000 HBD,HBD,500.000,Hive Wrestle Fest | USA | additional funds required for venue downpayment due to venue change | promotional event
4042428048,0,2025-10-23T17:49:45.000Z,hdev,valueplan,0.003 HBD,HBD,0.003,"Hey @valueplan, Our HDev Team (Hive Dev Team) has been working for over a year now on core Hive development, building, creating, and expanding API endpoints as part of the Hive API nodes (HAF nodes). Our work is open source, part of the hive gitlab core code, and is shipped across all nodes enabling devs, app builders, and users alike to make the best out of Hive. Not to limit our contribution to backend apps, we've also been working on front end apps part of core dev, such as block explorer and health checker, while also helping wherever needed. Our team of 6 developers is excited to continue our work in the upcoming year and has submitted a DHF proposal to make that happen. As always, your support is essential for us to move forward. More details are in the following DHF link. We would appreciate your vote in support. Thank you! https://peakd.com/proposals/360 "
4042611276,0,2025-10-24T00:12:39.000Z,valueplan,mazergaming,18750.000 HIVE,HIVE,18750.000,Mazer | USA | B2B promotion/partnership outreach | partial pivot from gaming promotion due to expanded deliverables | 2500 HBD plus 2% conversion | partial payment that was outstanding from Sept
4042624713,0,2025-10-24T00:37:09.000Z,valueplan,gh-borehole,18502.000 HBD,HBD,18502.000,"CWP | Ghana | 2 wells that were added to the Q4 budget | drilling, pump purchase and install, tower construction, tank, tiling, plumbing, plaque, launch | social impact promotional project"
4044583862,0,2025-10-27T02:56:00.000Z,coldone,valueplan,2600.000 HBD,HBD,2600.000,Vibes | global | refund
4044991100,0,2025-10-27T17:54:03.000Z,valueplan,hivefest.sponsor,27230.960 HBD,HBD,27230.960,"Hive Fest | Malaysia | remaining outstanding costs | rentals, Hive merch, event needs, catering, logistics | major promotional event  | this event had a 25,993 HBD income to offset the costs | no contingency or conversion"
4046580990,0,2025-10-30T04:51:00.000Z,valueplan,detlev,100.000 HBD,HBD,100.000,MEXC AMA | Global | AMA reward funds
4046987376,0,2025-10-30T19:44:39.000Z,valueplan,krolestwo,2000.000 HBD,HBD,2000.000,"Krolestwo | Poland | base operating expenses for project | rental, materials, adertising and marketing costs | Q4 November"
4048786147,0,2025-11-02T15:02:21.000Z,valueplan,lordbutterfly,260.000 HBD,HBD,260.000,Conf3rence | Germany | transportation costs | refund
4048793490,0,2025-11-02T15:15:12.000Z,valueplan,lordbutterfly,690.000 HBD,HBD,690.000,BTC Amsterdam | Netherlands | transportation and accommodation costs | this is an investment-focused tech event | no sponsorship | no changeover or conversion at this time 
4050290070,0,2025-11-04T19:50:42.000Z,valueplan,hivewrestlefest,870.000 HBD,HBD,870.000,Hive Wrestle Fest | USA | cost of printing Hive Debit Cards | cards will last multiple events | 5% conversion included
4050455645,0,2025-11-05T01:32:03.000Z,valueplan,alpha,28721.000 HBD,HBD,28721.000,Tokenize LDN | UK | sponsorship cost in HBD | 25000 Euro 
4051524909,0,2025-11-06T16:36:15.000Z,valueplan,swc-oficial,2350.000 HBD,HBD,2350.000,"SWC | Venezuela | 2 Versus per Category Event | mall exhibition/B2B event | event costs that were on credit, mostly logistics and smaller expenses, logistics, outstanding loans/refunds | promotional event"
4054404295,0,2025-11-11T01:44:18.000Z,valueplan,xt9998,10.000 HIVE,HIVE,10.000,"initial send test, confirming with XT | co-marketing X spaces giveaway, 1590 to follow for completion"
4054421983,0,2025-11-11T02:25:15.000Z,valueplan,xt9998,1590.000 HIVE,HIVE,1590.000,"co-marketing X spaces giveaway, 1600 total"
4054521668,0,2025-11-11T06:33:24.000Z,nwothini335,valueplan,2.000 HIVE,HIVE,2.000,!tip @valueplan/important-announcement-vibes @nwothini335 app:peakd message:Tip sent through peakd.com
4056496341,0,2025-11-14T05:34:00.000Z,valueplan,hivewrestlefest,1880.550 HBD,HBD,1880.550,Hive Wrestle Fest | USA | insurance and light rentals | 5% conversion included | urgent payments required for event
4056945086,0,2025-11-14T21:10:45.000Z,valueplan,web3global,3500.000 HBD,HBD,3500.000,"Web3 Online Conference | Global | a multi-event online conference supported by a 4-month digital promotion program | branding, panel, AMA, and a range of digital campaigns included | promotional event"
4058237248,0,2025-11-16T20:44:39.000Z,valueplan,lb2b,420.000 HBD,HBD,420.000,Hive B2B | Venezuela | onboarding and starting a technical integration of a business and its inventory system | logistics and 5% conversion included | a new style of B2B engagement | 5 days of activity
4058980284,0,2025-11-17T22:34:42.000Z,hiverun,valueplan,500.000 HBD,HBD,500.000,Refund for the Caracas Rock Photography Contest was not made.
4064530590,0,2025-11-27T03:18:39.000Z,valueplan,mazergaming,26051.813 HIVE,HIVE,26051.813,Mazer | USA | B2B promotion/partnership outreach | part of October | 2805 HBD/USD in HIVE | remaining to be in HBD
4064531329,0,2025-11-27T03:21:21.000Z,valueplan,mazergaming,2195.000 HBD,HBD,2195.000,Mazer | USA | B2B promotion/partnership outreach | part of October | 2195 HBD remaining from total owed | this is a vendor payment for multiple deliverables 
4065631208,0,2025-11-28T22:33:39.000Z,valueplan,eudemo,575.000 HBD,HBD,575.000,"Philosophy Day | Barquisimeto | annual academic event at UCLA | logistics, event costs, Hive signage and printed elements | this is a pre-planned event that could not be terminated | no contingency or conversion"
4066943401,0,2025-12-01T05:21:21.000Z,valueplan,mcsamm,211.690 HBD,HBD,211.690,Tokenize LDN | UK | accommodation costs for two persons | no conversion or contingency in this tx
4066955765,0,2025-12-01T05:57:57.000Z,valueplan,lordbutterfly,383.970 HBD,HBD,383.970,Tokenize LDN | UK | transportation costs | conversion and contingency not included in this tx
4069334459,0,2025-12-05T04:19:15.000Z,valueplan,inhive,1200.000 HBD,HBD,1200.000,Code Hive | Global | hackathon prize due at the completion of the event  | Hive hackathon
4069828633,0,2025-12-06T00:18:51.000Z,valueplan,upb2b,82.000 HBD,HBD,82.000,Hive B2B | Venezuela | refund | transport costs incurred due to earlier work
4069834368,0,2025-12-06T00:29:51.000Z,valueplan,bigfluffyclouds,380.390 HBD,HBD,380.390,Conf3rence | Germany | refund for compiled small logistical costs |  326.64 Euro or 380.39 HBD | major conference
4069835599,0,2025-12-06T00:32:39.000Z,valueplan,mcsamm,356.720 HBD,HBD,356.720,Tokenize LDN | UK | refund for logistics and transportation | 267.41 GBP or 356.72 HBD | major conference 
4071596909,0,2025-12-09T00:53:57.000Z,valueplan,lordbutterfly,633.730 HBD,HBD,633.730,"Tokenize LDN | UK | transport, UK ETA, accommodations, logistics costs | funds converted to HBD from GBP and EUR"
4072782628,0,2025-12-11T00:36:12.000Z,alpha,valueplan,2000.000 HBD,HBD,2000.000,loan
4072838055,0,2025-12-11T02:46:27.000Z,valueplan,krolestwo,2000.000 HBD,HBD,2000.000,"Krolestwo | Poland | base operating expenses for project | rental, materials, adertising and marketing costs | Q4 December"